{
  "1.18": {
    "x": 0.022584,
    "y": 0.264181
  },
  "1.17": {
    "x": 0.011293,
    "y": 0.170721
  },
  "1.16": {
    "x": 0.0,
    "y": 0.138046
  },
  "Unnamed": {
    "x": 0.055499,
    "y": 0.133841
  },
  "1.14": {
    "x": 0.111938,
    "y": 0.140516
  },
  "1.24": {
    "x": 0.365352,
    "y": 0.181737
  },
  "1.15": {
    "x": 0.011551,
    "y": 0.09619
  },
  "1.11": {
    "x": 0.123536,
    "y": 0.028794
  },
  "1.2": {
    "x": 0.28338,
    "y": 0.142152
  },
  "1.1": {
    "x": 0.488233,
    "y": 0.182592
  },
  "1.25": {
    "x": 0.80705,
    "y": 0.391104
  },
  "1.12": {
    "x": 0.023063,
    "y": 0.0
  },
  "1.10": {
    "x": 0.191949,
    "y": 0.054373
  },
  "1.9": {
    "x": 0.265113,
    "y": 0.070847
  },
  "1.6": {
    "x": 0.316007,
    "y": 0.129873
  },
  "1.5": {
    "x": 0.25921,
    "y": 0.109108
  },
  "1.8": {
    "x": 0.313909,
    "y": 0.089459
  },
  "1.7": {
    "x": 0.347422,
    "y": 0.10273
  },
  "1.4": {
    "x": 0.401158,
    "y": 0.13212
  },
  "1.26": {
    "x": 0.571556,
    "y": 0.196451
  },
  "1.27": {
    "x": 0.611267,
    "y": 0.211381
  },
  "1.28": {
    "x": 0.6536,
    "y": 0.253885
  },
  "1l2": {
    "x": 0.782405,
    "y": 0.268185
  },
  "1l1": {
    "x": 0.773991,
    "y": 0.290689
  },
  "1.39": {
    "x": 0.708796,
    "y": 0.279139
  },
  "1.29": {
    "x": 0.64692,
    "y": 0.216874
  },
  "1.30": {
    "x": 0.683481,
    "y": 0.226105
  },
  "1.31": {
    "x": 0.726389,
    "y": 0.246416
  },
  "1.36": {
    "x": 0.881625,
    "y": 0.312966
  },
  "1.34": {
    "x": 1.0,
    "y": 0.414594
  },
  "1.33": {
    "x": 0.967916,
    "y": 0.351247
  },
  "1.19": {
    "x": 0.134784,
    "y": 0.261058
  },
  "1.20": {
    "x": 0.270289,
    "y": 0.261058
  },
  "1.21": {
    "x": 0.371437,
    "y": 0.313914
  },
  "1.22": {
    "x": 0.371437,
    "y": 0.274272
  },
  "1.35": {
    "x": 0.903545,
    "y": 0.428299
  },
  "1.23": {
    "x": 0.380327,
    "y": 0.232948
  },
  "1.38": {
    "x": 0.66083,
    "y": 0.391052
  },
  "1.32": {
    "x": 0.573157,
    "y": 0.326771
  }
}