{
  "1.18": {
    "x": -0.318843,
    "y": 0.081839
  },
  "1.17": {
    "x": -0.352939,
    "y": 0.016047
  },
  "1.16": {
    "x": -0.362126,
    "y": -0.008022
  },
  "1.11": {
    "x": -0.309297,
    "y": -0.119536
  },
  "1.12": {
    "x": -0.385986,
    "y": -0.112511
  },
  "1.10": {
    "x": -0.261511,
    "y": -0.119366
  },
  "1.6": {
    "x": -0.13949,
    "y": -0.098068
  },
  "1.5": {
    "x": -0.187102,
    "y": -0.097724
  },
  "1.4": {
    "x": -0.076077,
    "y": -0.119887
  },
  "1.26": {
    "x": 0.067319,
    "y": -0.119427
  },
  "1.27": {
    "x": 0.100722,
    "y": -0.119366
  },
  "1.28": {
    "x": 0.143661,
    "y": -0.099698
  },
  "1.39": {
    "x": 0.191328,
    "y": -0.096294
  },
  "1.36": {
    "x": 0.328103,
    "y": -0.118995
  },
  "1.33": {
    "x": 0.418909,
    "y": -0.109819
  },
  "1.19": {
    "x": -0.236963,
    "y": 0.048609
  },
  "1.20": {
    "x": -0.137035,
    "y": 0.011255
  },
  "1.21": {
    "x": -0.04787,
    "y": 0.022343
  },
  "1.22": {
    "x": -0.058799,
    "y": -0.006884
  },
  "1.35": {
    "x": 0.39124,
    "y": -0.044217
  },
  "1.23": {
    "x": -0.063639,
    "y": -0.039806
  },
  "1.38": {
    "x": 0.19064,
    "y": -0.000511
  }
}