{
  "3.46": {
    "x": -0.359105,
    "y": -0.006739
  },
  "3.45": {
    "x": -0.350326,
    "y": 0.016738
  },
  "3.44": {
    "x": -0.340952,
    "y": 0.041807
  },
  "3.43": {
    "x": -0.331578,
    "y": 0.066871
  },
  "3.42": {
    "x": -0.32098,
    "y": 0.108525
  },
  "3.41": {
    "x": -0.286568,
    "y": 0.107588
  },
  "3.40": {
    "x": -0.259378,
    "y": 0.097423
  },
  "3.39": {
    "x": -0.234662,
    "y": 0.088185
  },
  "3.38": {
    "x": -0.209766,
    "y": 0.078877
  },
  "3.37": {
    "x": -0.185047,
    "y": 0.069639
  },
  "3.36": {
    "x": -0.160328,
    "y": 0.060398
  },
  "3.35": {
    "x": -0.135613,
    "y": 0.05116
  },
  "3.34": {
    "x": -0.110894,
    "y": 0.041918
  },
  "3.33": {
    "x": -0.086881,
    "y": 0.032944
  },
  "3.32": {
    "x": -0.049901,
    "y": 0.022804
  },
  "3.31": {
    "x": -0.049097,
    "y": -0.00754
  },
  "3.30": {
    "x": -0.063693,
    "y": -0.044244
  },
  "3.47": {
    "x": -0.27206,
    "y": 0.025309
  },
  "3.48": {
    "x": -0.222623,
    "y": 0.006829
  },
  "3.49": {
    "x": -0.16083,
    "y": -0.016271
  },
  "3.51": {
    "x": -0.104615,
    "y": -0.017166
  },
  "3.50": {
    "x": -0.114738,
    "y": -0.043159
  },
  "3.26": {
    "x": 0.428838,
    "y": -0.051318
  },
  "3.27a": {
    "x": 0.346007,
    "y": -0.036456
  },
  "3.27b": {
    "x": 0.262245,
    "y": -0.014467
  },
  "3.27c": {
    "x": 0.188559,
    "y": 0.013451
  },
  "3.27d": {
    "x": 0.126068,
    "y": 0.036459
  },
  "3.27e": {
    "x": 0.09916,
    "y": -0.032094
  },
  "3.53": {
    "x": -0.409154,
    "y": -0.113516
  },
  "3.54": {
    "x": -0.378106,
    "y": -0.119536
  },
  "3.55": {
    "x": -0.35002,
    "y": -0.119536
  },
  "3.56": {
    "x": -0.321746,
    "y": -0.119536
  },
  "3.57": {
    "x": -0.292907,
    "y": -0.119536
  },
  "3.2": {
    "x": -0.185842,
    "y": -0.097676
  },
  "3.7": {
    "x": -0.09593,
    "y": -0.119725
  },
  "3.8": {
    "x": -0.067468,
    "y": -0.118782
  },
  "3.9": {
    "x": -0.039089,
    "y": -0.11988
  },
  "3.10": {
    "x": -0.011674,
    "y": -0.120102
  },
  "3.11": {
    "x": 0.017166,
    "y": -0.120102
  },
  "3.12": {
    "x": 0.044625,
    "y": -0.119732
  },
  "3.13": {
    "x": 0.086508,
    "y": -0.118594
  },
  "3.19": {
    "x": 0.191711,
    "y": -0.096168
  },
  "3.22": {
    "x": 0.313029,
    "y": -0.116351
  },
  "3.23": {
    "x": 0.369578,
    "y": -0.116351
  },
  "3.24": {
    "x": 0.43716,
    "y": -0.115415
  },
  "3.58": {
    "x": -0.26018,
    "y": -0.118801
  }
}