{
  "2.17": {
    "x": -0.361165,
    "y": -0.006458
  },
  "2.18": {
    "x": -0.352421,
    "y": 0.016926
  },
  "2.19": {
    "x": -0.342882,
    "y": 0.042434
  },
  "2.20": {
    "x": -0.333475,
    "y": 0.067586
  },
  "2.21": {
    "x": -0.323079,
    "y": 0.108982
  },
  "2.22": {
    "x": -0.288551,
    "y": 0.108335
  },
  "2.24": {
    "x": -0.248509,
    "y": 0.093366
  },
  "2.25": {
    "x": -0.211302,
    "y": 0.079458
  },
  "2.26": {
    "x": -0.186496,
    "y": 0.070187
  },
  "2.27": {
    "x": -0.161694,
    "y": 0.060913
  },
  "2.28": {
    "x": -0.136888,
    "y": 0.051643
  },
  "2.29": {
    "x": -0.112082,
    "y": 0.042368
  },
  "2.30": {
    "x": -0.091893,
    "y": 0.022911
  },
  "2.31": {
    "x": -0.057356,
    "y": 0.025693
  },
  "2.32": {
    "x": -0.051591,
    "y": -0.011335
  },
  "2.33": {
    "x": -0.064681,
    "y": -0.044009
  },
  "2.34": {
    "x": -0.27388,
    "y": 0.025522
  },
  "2.35": {
    "x": -0.22427,
    "y": 0.006978
  },
  "2.36": {
    "x": -0.149857,
    "y": -0.020839
  },
  "2.14": {
    "x": -0.412654,
    "y": -0.12215
  },
  "2.13": {
    "x": -0.380102,
    "y": -0.119964
  },
  "2.12": {
    "x": -0.352107,
    "y": -0.119964
  },
  "2.11": {
    "x": -0.323545,
    "y": -0.119964
  },
  "2.10": {
    "x": -0.294793,
    "y": -0.119964
  },
  "2.2": {
    "x": -0.187352,
    "y": -0.098026
  },
  "2.6": {
    "x": -0.096969,
    "y": -0.118617
  },
  "2.7": {
    "x": -0.063076,
    "y": -0.11864
  },
  "2.48": {
    "x": 0.067063,
    "y": -0.11805
  },
  "2.47": {
    "x": 0.100922,
    "y": -0.117549
  },
  "2.40": {
    "x": 0.19104,
    "y": -0.096229
  },
  "2.41": {
    "x": 0.356607,
    "y": -0.099507
  },
  "2.42": {
    "x": 0.45486,
    "y": -0.116127
  },
  "2.9": {
    "x": -0.262069,
    "y": -0.119586
  },
  "1.38": {
    "x": 0.161706,
    "y": 0.002286
  }
}