{
  "4.57": {
    "x": -0.411929,
    "y": -0.11365
  },
  "4.36": {
    "x": -0.051409,
    "y": 0.02348
  },
  "4.58": {
    "x": -0.37992,
    "y": -0.119843
  },
  "3.59": {
    "x": -0.352063,
    "y": -0.119843
  },
  "3.56": {
    "x": -0.323604,
    "y": -0.119843
  },
  "3.61": {
    "x": -0.295146,
    "y": -0.119843
  },
  "3.62": {
    "x": -0.252659,
    "y": -0.119442
  },
  "4.7": {
    "x": -0.097138,
    "y": -0.119642
  },
  "4.8": {
    "x": -0.06868,
    "y": -0.119843
  },
  "4.10": {
    "x": -0.013166,
    "y": -0.121446
  },
  "4.11": {
    "x": 0.015693,
    "y": -0.121446
  },
  "4.12": {
    "x": 0.043285,
    "y": -0.11963
  },
  "4.13": {
    "x": 0.072009,
    "y": -0.119242
  },
  "4.14": {
    "x": 0.100467,
    "y": -0.11844
  },
  "4.19": {
    "x": 0.190252,
    "y": -0.095598
  },
  "4.22": {
    "x": 0.326532,
    "y": -0.116036
  },
  "4.23": {
    "x": 0.421393,
    "y": -0.115298
  },
  "4.9": {
    "x": -0.040312,
    "y": -0.120003
  },
  "4.50": {
    "x": -0.361352,
    "y": -0.006154
  },
  "4.49": {
    "x": -0.352697,
    "y": 0.017561
  },
  "4.48": {
    "x": -0.343081,
    "y": 0.043275
  },
  "4.47": {
    "x": -0.333817,
    "y": 0.068047
  },
  "4.46": {
    "x": -0.323232,
    "y": 0.109549
  },
  "4.45": {
    "x": -0.288539,
    "y": 0.108452
  },
  "4.44": {
    "x": -0.261131,
    "y": 0.09821
  },
  "4.43": {
    "x": -0.236353,
    "y": 0.088945
  },
  "4.42": {
    "x": -0.211574,
    "y": 0.079684
  },
  "4.41": {
    "x": -0.186795,
    "y": 0.070423
  },
  "4.40": {
    "x": -0.162017,
    "y": 0.061158
  },
  "4.39": {
    "x": -0.137238,
    "y": 0.051897
  },
  "4.38": {
    "x": -0.112646,
    "y": 0.042702
  },
  "4.37": {
    "x": -0.088431,
    "y": 0.033651
  },
  "4.35": {
    "x": -0.05086,
    "y": -0.007773
  },
  "4.34": {
    "x": -0.065189,
    "y": -0.0435
  },
  "4.51": {
    "x": -0.274572,
    "y": 0.026222
  },
  "4.52": {
    "x": -0.224452,
    "y": 0.007486
  },
  "4.53": {
    "x": -0.161941,
    "y": -0.015878
  },
  "4.55": {
    "x": -0.10616,
    "y": -0.016624
  },
  "4.54": {
    "x": -0.115846,
    "y": -0.042521
  },
  "4.25": {
    "x": 0.427907,
    "y": -0.050816
  },
  "4.27": {
    "x": 0.273392,
    "y": -0.018387
  },
  "4.26": {
    "x": 0.345896,
    "y": -0.036366
  },
  "4.28": {
    "x": 0.224206,
    "y": -1e-06
  },
  "4.29": {
    "x": 0.175178,
    "y": 0.018903
  },
  "4.31": {
    "x": 0.097847,
    "y": -0.031533
  },
  "4.30": {
    "x": 0.124924,
    "y": 0.036936
  },
  "4.2": {
    "x": -0.187725,
    "y": -0.097802
  }
}